,Name,Fitting Windows Score_x,Trace Support Score_x,Aggregated Score_x,index,Fitting Windows Score_y,Trace Support Score_y,Aggregated Score_y
0,BPI_Challenge_2012_res10939.513d4c6c-9061-408a-b27d-1caf05cd465f.pnml,0.0802671118530875,0.7755102040816326,0.9500389124934822,1,0.0802671118530875,0.7755102040816326,0.9500389124934822
1,BPI_Challenge_2012_res10939.33fba7f5-489a-4548-bb5c-30c10b735b85.pnml,0.0802671118530875,0.7755102040816326,0.9300385236128752,17,0.0802671118530875,0.7755102040816326,0.9300385236128752
2,BPI_Challenge_2012_res10939.3239b77a-b737-467b-83a7-ab35f27f342d.pnml,0.0749773431910318,0.7346938775510204,0.929364307425094,20,0.0749773431910318,0.7346938775510204,0.929364307425094
3,BPI_Challenge_2012_res10939.f25f23c0-9892-4ca2-bb82-8755244ad75b.pnml,0.0682327689005479,0.7346938775510204,0.9129542493980156,45,0.0682327689005479,0.7346938775510204,0.9129542493980156
4,BPI_Challenge_2012_res10939.b20c1c44-4477-4922-af73-d40b2c82e797.pnml,0.0802671118530875,0.7755102040816326,0.9101103368983328,49,0.0802671118530875,0.7755102040816326,0.9101103368983328
5,BPI_Challenge_2012_res10939.7cee843c-87cc-4b8b-af57-c474081361a5.pnml,0.0802671118530875,0.7755102040816326,0.9001286791003045,67,0.0802671118530875,0.7755102040816326,0.9001286791003045
6,BPI_Challenge_2012_res10939.d3309062-02a1-445a-b9e5-5dbaaa8fd20c.pnml,0.079287701725098,0.7346938775510204,0.8998517348912485,69,0.079287701725098,0.7346938775510204,0.8998517348912485
7,BPI_Challenge_2012_res10939.ef2ac688-29e4-4152-900a-404db298c840.pnml,0.0574242785595036,0.7755102040816326,0.8944621570104587,93,0.0574242785595036,0.7755102040816326,0.8944621570104587
8,BPI_Challenge_2012_res10939.213991cd-80a5-4d96-89e3-e3852c68bc8b.pnml,0.0739327450512761,0.7346938775510204,0.8934893880182624,153,0.0739327450512761,0.7346938775510204,0.8934893880182624
9,BPI_Challenge_2012_res10939.ba0703b1-b513-4ccc-ac5c-812acf5f323a.pnml,0.059146196041021,0.7346938775510204,0.8908459321833175,199,0.059146196041021,0.7346938775510204,0.8908459321833175
10,BPI_Challenge_2012_res10939.3dd77a9f-7591-4698-896c-fd03b77ebdaa.pnml,0.0699499165275452,0.7551020408163265,0.8876686340208282,236,0.0699499165275452,0.7551020408163265,0.8876686340208282
11,BPI_Challenge_2012_res10939.d58c4587-9c3e-4b67-a3fd-0750ec7d3e93.pnml,0.0745480562842825,0.7346938775510204,0.878319819997628,272,0.0745480562842825,0.7346938775510204,0.878319819997628
12,BPI_Challenge_2012_res10939.0a5d1fe0-0108-42cc-8a8e-1a163bf51e28.pnml,0.0746577629382309,0.7755102040816326,0.8634166765352174,401,0.0746577629382309,0.7755102040816326,0.8634166765352174
13,BPI_Challenge_2012_res10939.23e23b26-1cb9-4d54-9372-76a0a5e31fcb.pnml,0.0682327689005479,0.7346938775510204,0.8629542493980156,403,0.0682327689005479,0.7346938775510204,0.8629542493980156
14,BPI_Challenge_2012_res10939.dd5a89f8-dcff-4817-8f1a-91a28d91d69f.pnml,0.0822004928849677,0.7551020408163265,0.8558601517530089,445,0.0822004928849677,0.7551020408163265,0.8558601517530089
15,BPI_Challenge_2012_res10939.2f710f49-8495-4ffb-8fa2-79869d0219e9.pnml,0.0443596470307656,0.7346938775510204,0.8547073307173043,457,0.0443596470307656,0.7346938775510204,0.8547073307173043
16,BPI_Challenge_2012_res10939.a91f2521-0fb6-44bc-aa4a-82ecf351fb65.pnml,0.0736942523253042,0.7346938775510204,0.8512424505585588,509,0.0736942523253042,0.7346938775510204,0.8512424505585588
17,BPI_Challenge_2012_res10939.cf8be85f-d928-4b24-a31d-ca50fd011c8b.pnml,0.059146196041021,0.7346938775510204,0.8508459321833175,547,0.059146196041021,0.7346938775510204,0.8508459321833175
18,BPI_Challenge_2012_res10939.33cc8684-298c-4aba-a744-5137834e9ab6.pnml,0.059146196041021,0.7346938775510204,0.8508459321833175,514,0.059146196041021,0.7346938775510204,0.8508459321833175
19,BPI_Challenge_2012_res10939.24641e50-1e24-46e1-aff6-027745bcd695.pnml,0.0589554018602435,0.7346938775510204,0.8503817155488882,590,0.0589554018602435,0.7346938775510204,0.8503817155488882
20,BPI_Challenge_2012_res10939.0b2f1bf0-4dc1-47fc-b66d-a07ab5dea585.pnml,0.0739756737419501,0.7346938775510204,0.8469271700943398,611,0.0739756737419501,0.7346938775510204,0.8469271700943398
21,BPI_Challenge_2012_res10939.58fcf38e-b2f7-48c9-9f90-ee74b641c4e3.pnml,0.0682327689005479,0.7346938775510204,0.8462028369686371,616,0.0682327689005479,0.7346938775510204,0.8462028369686371
22,BPI_Challenge_2012_res10939.0430608a-e736-40ed-8675-f5dcd920e81b.pnml,0.0460767946577629,0.7551020408163265,0.8388698257015891,784,0.0460767946577629,0.7551020408163265,0.8388698257015891
23,BPI_Challenge_2012_res10939.d4a74017-2aec-4cdf-a254-d37a0c8ea83e.pnml,0.0432784800063597,0.6530612244897959,0.8359120514743603,866,0.0432784800063597,0.6530612244897959,0.8359120514743603
24,BPI_Challenge_2012_res10939.395bae8a-7600-49ef-aa01-b8837a803724.pnml,0.0678034819937986,0.7346938775510204,0.8319097619705496,955,0.0678034819937986,0.7346938775510204,0.8319097619705496
25,BPI_Challenge_2012_res10939.7af9877a-405c-40ae-acc1-6a3b71df6c82.pnml,0.059146196041021,0.7346938775510204,0.824179265516651,1095,0.059146196041021,0.7346938775510204,0.824179265516651
26,BPI_Challenge_2012_res10939.310bb441-75e1-4188-a746-e06ac04ddfd7.pnml,0.059146196041021,0.7346938775510204,0.824179265516651,1090,0.059146196041021,0.7346938775510204,0.824179265516651
27,BPI_Challenge_2012_res10939.471fba1f-6f58-4f86-be5f-207735cd6145.pnml,0.0749773431910318,0.7346938775510204,0.8126976407584274,1221,0.0749773431910318,0.7346938775510204,0.8126976407584274
28,BPI_Challenge_2012_res10939.163e1f83-72cc-444f-a752-77f99964aeb6.pnml,0.0594657762938226,0.7346938775510204,0.8116234950459853,1247,0.0594657762938226,0.7346938775510204,0.8116234950459853
29,BPI_Challenge_2012_res10939.0d303e0e-7318-47fc-983d-9e3876ed3bcf.pnml,0.0322124175212655,0.6530612244897959,0.8089874866774555,1282,0.0322124175212655,0.6530612244897959,0.8089874866774555
30,BPI_Challenge_2012_res10939.0b716a68-c2e3-4ad1-af48-ae5b63eae2f5.pnml,0.0443596470307656,0.7346938775510204,0.804869143015039,1326,0.0443596470307656,0.7346938775510204,0.804869143015039
31,BPI_Challenge_2012_res10939.465832fb-2c94-426c-93d7-b1e7e580a623.pnml,0.0443596470307656,0.7346938775510204,0.804869143015039,1322,0.0443596470307656,0.7346938775510204,0.804869143015039
32,BPI_Challenge_2012_res10939.4dfec874-5e86-4c0f-8b34-e619c60b7ce1.pnml,0.0443596470307656,0.7346938775510204,0.804869143015039,1327,0.0443596470307656,0.7346938775510204,0.804869143015039
33,BPI_Challenge_2012_res10939.e3c34930-c02c-490d-8447-1ae4499d4db9.pnml,0.0574242785595036,0.7755102040816326,0.8045624076370252,1331,0.0574242785595036,0.7755102040816326,0.8045624076370252
34,BPI_Challenge_2012_res10939.36dafd3b-1121-45ce-916b-25257f4f1c21.pnml,0.0442165513951825,0.7346938775510204,0.8045209805392168,1333,0.0442165513951825,0.7346938775510204,0.8045209805392168
35,BPI_Challenge_2012_res10939.b949797d-ea57-41a8-842d-b11c69666629.pnml,0.0699499165275452,0.7551020408163265,0.8043776735688508,1334,0.0699499165275452,0.7551020408163265,0.8043776735688508
36,BPI_Challenge_2012_res10939.45860190-139d-40b1-952a-96ac429c8911.pnml,0.0559933222036725,0.7755102040816326,0.8013380176054931,1378,0.0559933222036725,0.7755102040816326,0.8013380176054931
37,BPI_Challenge_2012_res10939.4aa467a0-d65e-4cbe-a293-e42d86fd16b0.pnml,0.0682327689005479,0.7346938775510204,0.7962875827313488,1441,0.0682327689005479,0.7346938775510204,0.7962875827313488
38,BPI_Challenge_2012_res10939.89b4d77f-5820-4d88-98a5-28cb71b36e85.pnml,0.0402655219015818,0.6530612244897959,0.7952479637889961,1620,0.0402655219015818,0.6530612244897959,0.7952479637889961
39,BPI_Challenge_2012_res10939.0591e585-3935-4047-8967-ed139a60da99.pnml,0.0402655219015818,0.6530612244897959,0.7952479637889961,1559,0.0402655219015818,0.6530612244897959,0.7952479637889961
40,BPI_Challenge_2012_res10939.a2c88028-f218-4972-9c28-a36a86453b2c.pnml,0.0799109627156378,0.7346938775510204,0.7947015092303845,1639,0.0799109627156378,0.7346938775510204,0.7947015092303845
41,BPI_Challenge_2012_res10939.35e5479f-2339-4c3c-9751-1b3e937317dd.pnml,0.059146196041021,0.7346938775510204,0.7908459321833176,1701,0.059146196041021,0.7346938775510204,0.7908459321833176
42,BPI_Challenge_2012_res10939.ac9cebda-a20e-4e37-99c7-c8d0522bdf8e.pnml,0.0616503696637248,0.7551020408163265,0.7848281004709552,1783,0.0616503696637248,0.7551020408163265,0.7848281004709552
43,BPI_Challenge_2012_res10939.65ee1b2b-8b14-4ad0-865c-e67844debc20.pnml,0.059146196041021,0.7346938775510204,0.784179265516651,1807,0.059146196041021,0.7346938775510204,0.784179265516651
44,BPI_Challenge_2012_res10939.bbeef606-0a34-429f-82d6-fea73d140221.pnml,0.059146196041021,0.7346938775510204,0.784179265516651,1822,0.059146196041021,0.7346938775510204,0.784179265516651
45,BPI_Challenge_2012_res10939.524a772d-a010-4259-b476-f8a48b4a5d7a.pnml,0.059146196041021,0.7346938775510204,0.784179265516651,1809,0.059146196041021,0.7346938775510204,0.784179265516651
46,BPI_Challenge_2012_res10939.6460b3b9-5df2-4552-b3d1-d563d24d83a9.pnml,0.059146196041021,0.7346938775510204,0.784179265516651,1801,0.059146196041021,0.7346938775510204,0.784179265516651
47,BPI_Challenge_2012_res10939.5b033732-2213-4f4b-a4e6-61d5717866b6.pnml,0.059146196041021,0.7346938775510204,0.784179265516651,1788,0.059146196041021,0.7346938775510204,0.784179265516651
48,BPI_Challenge_2012_res10939.5a413c5f-7a23-443f-aabf-7f225caf24df.pnml,0.0405914619604103,0.6530612244897959,0.7793743338728135,1875,0.0405914619604103,0.6530612244897959,0.7793743338728135
49,BPI_Challenge_2012_res10939.9a67a873-984a-4b2a-a530-c450edd3e8c5.pnml,0.059146196041021,0.7346938775510204,0.7765602178976032,1885,0.059146196041021,0.7346938775510204,0.7765602178976032
50,BPI_Challenge_2012_res10939.d5446121-e4f9-4f12-87d3-e3e931acf3ae.pnml,0.0336672231496938,0.4693877551020408,0.7757924446374285,1900,0.0336672231496938,0.4693877551020408,0.7757924446374285
51,BPI_Challenge_2012_res10939.2bb903c7-dfa2-45f5-a63b-0d63f1c1cf2c.pnml,0.0443596470307656,0.7346938775510204,0.774869143015039,1929,0.0443596470307656,0.7346938775510204,0.774869143015039
52,BPI_Challenge_2012_res10939.41e8d714-593c-4fa9-a4bb-34758b117fdf.pnml,0.0442165513951825,0.7346938775510204,0.7745209805392169,1931,0.0442165513951825,0.7346938775510204,0.7745209805392169
53,BPI_Challenge_2012_res10939.ab4ca892-f130-418c-a299-62f290c85ee1.pnml,0.0402655219015818,0.6530612244897959,0.7714384399794723,1983,0.0402655219015818,0.6530612244897959,0.7714384399794723
54,BPI_Challenge_2012_res10939.35b2c6f8-7871-4d32-ace3-7b1e261deae6.pnml,0.0322124175212655,0.6530612244897959,0.7689874866774554,2045,0.0322124175212655,0.6530612244897959,0.7689874866774554
55,BPI_Challenge_2012_res10939.039631ff-22e0-4b27-ac87-1313a053c086.pnml,0.059146196041021,0.7346938775510204,0.7670364083737937,2067,0.059146196041021,0.7346938775510204,0.7670364083737937
56,BPI_Challenge_2012_res10939.98d1f767-17e4-4abe-8371-073cb5599e92.pnml,0.0402655219015818,0.6530612244897959,0.7552479637889962,2155,0.0402655219015818,0.6530612244897959,0.7552479637889962
57,BPI_Challenge_2012_res10939.b243b497-e687-45a5-8452-10603c6e4afd.pnml,0.0368550759201843,0.4897959183673469,0.7476303635574142,2227,0.0368550759201843,0.4897959183673469,0.7476303635574142
58,BPI_Challenge_2012_res10939.252d8761-3583-40d4-b8cd-366fdbe22339.pnml,0.0402655219015818,0.6530612244897959,0.7464384399794722,2262,0.0402655219015818,0.6530612244897959,0.7464384399794722
59,BPI_Challenge_2012_res10939.d021b7e2-8a09-4c4a-b26c-522ed61f5334.pnml,0.0339446696875746,0.4693877551020408,0.7460419610784348,2276,0.0339446696875746,0.4693877551020408,0.7460419610784348
60,BPI_Challenge_2012_res10939.3f0af167-9a21-4198-a75a-0edc4772fda2.pnml,0.0443596470307656,0.7346938775510204,0.7382024763483723,2514,0.0443596470307656,0.7346938775510204,0.7382024763483723
61,BPI_Challenge_2012_res10939.98f586cd-d1e8-4524-9c2f-10375354acbc.pnml,0.0443596470307656,0.7346938775510204,0.7382024763483723,2509,0.0443596470307656,0.7346938775510204,0.7382024763483723
62,BPI_Challenge_2012_res10939.5109b9b2-a0d5-4a32-b9d9-51ba4735fcc9.pnml,0.0402655219015818,0.6530612244897959,0.7381051066461389,2539,0.0402655219015818,0.6530612244897959,0.7381051066461389
63,BPI_Challenge_2012_res10939.43c11e54-e377-4f65-811d-6c3035bb6229.pnml,0.0430558867954526,0.6530612244897959,0.7353704654008594,2604,0.0430558867954526,0.6530612244897959,0.7353704654008594
64,BPI_Challenge_2012_res10939.eeef07ae-adea-4072-a384-972c72022f2c.pnml,0.0430558867954526,0.6530612244897959,0.7353704654008594,2603,0.0430558867954526,0.6530612244897959,0.7353704654008594
65,BPI_Challenge_2012_res10939.1481a47f-5d8c-4471-9b21-ee1c2e6380b6.pnml,0.0402655219015818,0.6530612244897959,0.7335812971223293,2629,0.0402655219015818,0.6530612244897959,0.7335812971223293
66,BPI_Challenge_2012_res10939.ec3a0ad4-9c47-4648-ab3b-2c7440911b1e.pnml,0.0322124175212655,0.6530612244897959,0.7289874866774554,2696,0.0322124175212655,0.6530612244897959,0.7289874866774554
67,BPI_Challenge_2012_res10939.068a3ff7-9c39-4148-8987-7bdcdcee7f4c.pnml,0.0443596470307656,0.7346938775510204,0.724869143015039,2746,0.0443596470307656,0.7346938775510204,0.724869143015039
68,BPI_Challenge_2012_res10939.60dc1f48-c5cb-44e4-a40b-9613bc4902a2.pnml,0.0443596470307656,0.7346938775510204,0.724869143015039,2745,0.0443596470307656,0.7346938775510204,0.724869143015039
69,BPI_Challenge_2012_res10939.7b5ac12b-956b-464c-be12-d68484e3d397.pnml,0.0443596470307656,0.7346938775510204,0.724869143015039,2744,0.0443596470307656,0.7346938775510204,0.724869143015039
70,BPI_Challenge_2012_res10939.63b88887-a84b-49b0-a046-295614fa4fd3.pnml,0.0269337785197551,0.4693877551020408,0.7194094659140244,2777,0.0269337785197551,0.4693877551020408,0.7194094659140244
71,BPI_Challenge_2012_res10939.97292d46-7e5b-4658-9852-521b6705e7e2.pnml,0.0322124175212655,0.6530612244897959,0.7189874866774554,2784,0.0322124175212655,0.6530612244897959,0.7189874866774554
72,BPI_Challenge_2012_res10939.cf507a61-5549-4b8f-9e20-4a83864b34d3.pnml,0.0282136894824708,0.4897959183673469,0.7166052184897165,2856,0.0282136894824708,0.4897959183673469,0.7166052184897165
73,BPI_Challenge_2012_res10939.39136088-c6e6-4194-bebe-2a7b57fae18c.pnml,0.0368550759201843,0.4897959183673469,0.7076303635574142,2987,0.0368550759201843,0.4897959183673469,0.7076303635574142
74,BPI_Challenge_2012_res10939.654c91ff-ca15-4ec6-8f31-c50cba263aba.pnml,0.0322919150965896,0.6530612244897959,0.6925142436084679,3164,0.0322919150965896,0.6530612244897959,0.6925142436084679
75,BPI_Challenge_2012_res10939.d265c648-39cd-4bea-95f6-302430899ff8.pnml,0.0360092217187375,0.4693877551020408,0.6914907038250494,3187,0.0360092217187375,0.4693877551020408,0.6914907038250494
76,BPI_Challenge_2012_res10939.a13388dd-0f19-4639-8c8f-e166b0d4b31d.pnml,0.0336672231496938,0.4693877551020408,0.6900781589231428,3197,0.0336672231496938,0.4693877551020408,0.6900781589231428
77,BPI_Challenge_2012_res10939.38d3f3bb-c3f1-41e5-86c4-004320ac7c45.pnml,0.0368550759201843,0.4897959183673469,0.6876303635574142,3290,0.0368550759201843,0.4897959183673469,0.6876303635574142
78,BPI_Challenge_2012_res10939.74eee223-c9a9-4b57-a2cc-6b22c63499de.pnml,0.0336672231496938,0.4693877551020408,0.6853162541612381,3307,0.0336672231496938,0.4693877551020408,0.6853162541612381
79,BPI_Challenge_2012_res10939.89dc8640-6005-4330-a85c-66b9f0a065c8.pnml,0.0336672231496938,0.4693877551020408,0.6853162541612381,3312,0.0336672231496938,0.4693877551020408,0.6853162541612381
80,BPI_Challenge_2012_res10939.ef7168d1-ac9b-46c1-8755-c15c3b04eba3.pnml,0.0360092217187375,0.4693877551020408,0.6748240371583828,3483,0.0360092217187375,0.4693877551020408,0.6748240371583828
81,BPI_Challenge_2012_res10939.b1188f89-f7e2-4a13-9758-5dff3bc51511.pnml,0.0336672231496938,0.4693877551020408,0.6741257779707619,3493,0.0336672231496938,0.4693877551020408,0.6741257779707619
82,BPI_Challenge_2012_res10939.52e32c53-a3a1-4394-84eb-65e0a042d258.pnml,0.0336672231496938,0.4693877551020408,0.6722210160659999,3504,0.0336672231496938,0.4693877551020408,0.6722210160659999
83,BPI_Challenge_2012_res10939.df2d3923-ac49-4338-b724-0cb31206115a.pnml,0.0336672231496938,0.4693877551020408,0.6646813335263174,3573,0.0336672231496938,0.4693877551020408,0.6646813335263174
84,BPI_Challenge_2012_res10939.f6cd1e03-e3fb-4ec0-8371-00c3324b5206.pnml,0.0269337785197551,0.4693877551020408,0.6527427992473578,3664,0.0269337785197551,0.4693877551020408,0.6527427992473578
85,BPI_Challenge_2012_res10939.f921ca82-f26a-4569-b252-10f3c7822516.pnml,0.0031481039828285,0.1632653061224489,0.6403126356925748,3765,0.0031481039828285,0.1632653061224489,0.6403126356925748
86,BPI_Challenge_2012_res10939.856194f0-4f23-45e5-89e2-446497b37193.pnml,0.0336672231496938,0.4693877551020408,0.6329353017802857,3796,0.0336672231496938,0.4693877551020408,0.6329353017802857
87,BPI_Challenge_2012_res10939.e63358cd-2b2d-447a-bfb6-769eea7ecfe6.pnml,0.0011447650846649,0.1224489795918367,0.6272750957249438,3831,0.0011447650846649,0.1224489795918367,0.6272750957249438
88,BPI_Challenge_2012_res10939.5cb96552-aa12-4f83-82cf-9deca4040147.pnml,0.0269337785197551,0.4693877551020408,0.6260761325806911,3833,0.0269337785197551,0.4693877551020408,0.6260761325806911
89,BPI_Challenge_2012_res10939.9d006468-3a8c-4941-956a-674e10a051cc.pnml,0.0009539709038874312,0.1020408163265306,0.6227292464374531,3845,0.0009539709038874312,0.1020408163265306,0.6227292464374531
90,BPI_Challenge_2012_res10939.d75313af-2c90-445a-a9e4-4c8a5f43e63d.pnml,0.0007154781779155735,0.1020408163265306,0.6221489756444163,3852,0.0007154781779155735,0.1020408163265306,0.6221489756444163
91,BPI_Challenge_2012_res10939.92b206c1-4386-48ba-8cab-aeea6af62402.pnml,0.0005723825423324589,0.0816326530612244,0.6177191805155331,3875,0.0005723825423324589,0.0816326530612244,0.6177191805155331
92,BPI_Challenge_2012_res10939.89d7900e-9f00-4a8e-91fa-211155f3fe72.pnml,0.0007631767231099451,0.0612244897959183,0.6141017644969013,3889,0.0007631767231099451,0.0612244897959183,0.6141017644969013
93,BPI_Challenge_2012_res10939.b9a76a3d-9347-40ed-81e5-2dce86df4bd8.pnml,0.0005723825423324589,0.0612244897959183,0.6136375478624718,3910,0.0005723825423324589,0.0612244897959183,0.6136375478624718
94,BPI_Challenge_2012_res10939.edd37399-59cb-4ef2-839e-9ab4ad34a3bc.pnml,0.0005723825423324589,0.0612244897959183,0.6136375478624718,3895,0.0005723825423324589,0.0612244897959183,0.6136375478624718
95,BPI_Challenge_2012_res10939.a360a8db-5d37-43e0-ad45-051ebf3daaa3.pnml,0.0004292869067493441,0.0612244897959183,0.6132893853866499,3917,0.0004292869067493441,0.0612244897959183,0.6132893853866499
96,BPI_Challenge_2012_res10939.9bc3b8af-5b8f-4ffb-b802-92baeb0906a0.pnml,0.0004292869067493441,0.0204081632653061,0.6051261200805274,3922,0.0004292869067493441,0.0204081632653061,0.6051261200805274
97,BPI_Challenge_2012_res10939.1ba37ead-f5cb-4eeb-b3df-5f19c5893e7b.pnml,0.00028619127116622943,0.0204081632653061,0.6047779576047053,3926,0.00028619127116622943,0.0204081632653061,0.6047779576047053
98,BPI_Challenge_2012_res10939.0d60449e-5b22-402f-bbc7-4aa48d91634f.pnml,0.00014309563558311471,0.0204081632653061,0.6044297951288833,3928,0.00014309563558311471,0.0204081632653061,0.6044297951288833
99,BPI_Challenge_2012_res10939.aa647eb4-33b2-4f4b-bb44-723b6c2ff91f.pnml,0.0027188170760791,0.1632653061224489,0.5892681482651086,3939,0.0027188170760791,0.1632653061224489,0.5892681482651086
100,BPI_Challenge_2012_res10939.faed1a3f-f180-47c9-9cf0-66b278f2aea8.pnml,0.0030050083472454,0.1020408163265306,0.5819484309789622,4002,0.0030050083472454,0.1020408163265306,0.5819484309789622
101,BPI_Challenge_2012_res10939.0fd04fed-0355-4f7b-aee7-b1594efc307d.pnml,0.00038158836155497257,0.0204081632653061,0.5800100659219201,4003,0.00038158836155497257,0.0204081632653061,0.5800100659219201
102,BPI_Challenge_2012_res10939.5644e900-385c-4517-bcaa-1203d45c7bb7.pnml,0.0007631767231099451,0.0816326530612244,0.5781833971499625,4023,0.0007631767231099451,0.0816326530612244,0.5781833971499625
103,BPI_Challenge_2012_res10939.b10e3296-f909-49b0-adcd-0f2169a5bd70.pnml,0.0011447650846649,0.1224489795918367,0.5772750957249437,4031,0.0011447650846649,0.1224489795918367,0.5772750957249437
104,BPI_Challenge_2012_res10939.e10c295c-0985-4987-a4ae-cd43f738990e.pnml,0.0007631767231099451,0.0612244897959183,0.5741017644969013,4035,0.0007631767231099451,0.0612244897959183,0.5741017644969013
105,BPI_Challenge_2012_res10939.a544071d-2068-4226-b191-164189538158.pnml,0.0007154781779155735,0.1020408163265306,0.5721489756444164,4101,0.0007154781779155735,0.1020408163265306,0.5721489756444164
106,BPI_Challenge_2012_res10939.5f8b583c-85b1-4f16-82f4-bff3049823ae.pnml,0.0007154781779155735,0.1020408163265306,0.5721489756444164,4098,0.0007154781779155735,0.1020408163265306,0.5721489756444164
107,BPI_Challenge_2012_res10939.b2972fef-f9c4-4186-bb94-284baffc9a36.pnml,0.0005103744335797759,0.0204081632653061,0.5719900788168266,4102,0.0005103744335797759,0.0204081632653061,0.5719900788168266
108,BPI_Challenge_2012_res10939.b7e34b17-e0da-48d4-a406-86b85f6e4952.pnml,0.00014309563558311471,0.0204081632653061,0.57109646179555,4108,0.00014309563558311471,0.0204081632653061,0.57109646179555
109,BPI_Challenge_2012_res10939.6eadb8ed-7f96-4549-8478-cbafcdb851e4.pnml,0.0020987359885523,0.1632653061224489,0.5710927775365465,4109,0.0020987359885523,0.1632653061224489,0.5710927775365465
110,BPI_Challenge_2012_res10939.6a41e73a-e734-4199-ad92-8868486920fb.pnml,0.00038158836155497257,0.0204081632653061,0.5675100659219201,4130,0.00038158836155497257,0.0204081632653061,0.5675100659219201
111,BPI_Challenge_2012_res10939.fbb06fdd-4751-406c-92e0-1a99b13e5f40.pnml,0.0004292869067493441,0.0612244897959183,0.5632893853866499,4151,0.0004292869067493441,0.0612244897959183,0.5632893853866499
112,BPI_Challenge_2012_res10939.d7c16ac5-1f88-4471-aaba-f1355111b186.pnml,0.0022895301693298,0.0816326530612244,0.5578971302253976,4165,0.0022895301693298,0.0816326530612244,0.5578971302253976
113,BPI_Challenge_2012_res10939.f4d0aa6e-25e7-4e48-86f9-b18cba20d87c.pnml,0.0022895301693298,0.0816326530612244,0.5578971302253976,4164,0.0022895301693298,0.0816326530612244,0.5578971302253976
114,BPI_Challenge_2012_res10939.ab5fbac7-5e09-46a6-9434-1ea71238690f.pnml,0.00028619127116622943,0.0204081632653061,0.5547779576047053,4185,0.00028619127116622943,0.0204081632653061,0.5547779576047053
115,BPI_Challenge_2012_res10939.5fd54ee7-70f0-4e55-b253-cc8e7c16633a.pnml,0.0005723825423324589,0.0204081632653061,0.5544938903994867,4189,0.0005723825423324589,0.0204081632653061,0.5544938903994867
116,BPI_Challenge_2012_res10939.af32b251-0f3a-4e5d-b218-82773541095d.pnml,0.00014309563558311471,0.0204081632653061,0.5544297951288832,4193,0.00014309563558311471,0.0204081632653061,0.5544297951288832
117,BPI_Challenge_2012_res10939.01ec1d4d-a0ed-4d72-bf39-7cfd1d6b8b6c.pnml,0.00014309563558311471,0.0204081632653061,0.5544297951288832,4192,0.00014309563558311471,0.0204081632653061,0.5544297951288832
118,BPI_Challenge_2012_res10939.fb962415-06d1-4458-96f1-f91c7f9f92d4.pnml,0.00014309563558311471,0.0204081632653061,0.5544297951288832,4194,0.00014309563558311471,0.0204081632653061,0.5544297951288832
119,BPI_Challenge_2012_res10939.75cc3f5f-c146-422e-8e53-16d46741b18b.pnml,0.0028619127116622,0.0816326530612244,0.5490040658429716,4197,0.0028619127116622,0.0816326530612244,0.5490040658429716
120,BPI_Challenge_2012_res10939.1e02c2ce-bb99-4c12-bfd4-dbc16e0cc568.pnml,0.0015263534462198,0.1224489795918367,0.5482035289938025,4206,0.0015263534462198,0.1224489795918367,0.5482035289938025
121,BPI_Challenge_2012_res10939.0382344d-ef0a-4d82-8242-875771af6732.pnml,0.00019079418077748629,0.0204081632653061,0.5445458492874906,4223,0.00019079418077748629,0.0204081632653061,0.5445458492874906
122,BPI_Challenge_2012_res10939.ee42c119-dbbd-4e29-9b88-24ea16f66cd2.pnml,0.00019079418077748629,0.0204081632653061,0.5445458492874906,4225,0.00019079418077748629,0.0204081632653061,0.5445458492874906
123,BPI_Challenge_2012_res10939.040e7ed9-ff48-4842-b204-1d76ba4c9f11.pnml,0.0017171476269973,0.0816326530612244,0.5405044803221094,4230,0.0017171476269973,0.0816326530612244,0.5405044803221094
124,BPI_Challenge_2012_res10939.77411c09-eda3-4695-a9d4-a1e18df41a11.pnml,0.0017171476269973,0.0816326530612244,0.5405044803221094,4231,0.0017171476269973,0.0816326530612244,0.5405044803221094
125,BPI_Challenge_2012_res10939.5bb3b1c3-6618-4bf8-b024-52a60ca17b27.pnml,0.0020987359885523,0.1632653061224489,0.5310927775365466,4286,0.0020987359885523,0.1632653061224489,0.5310927775365466
126,BPI_Challenge_2012_res10939.3116ebe5-c82e-4db4-8dbe-b7383647f6c3.pnml,0.00028619127116622943,0.0204081632653061,0.5297779576047053,4287,0.00028619127116622943,0.0204081632653061,0.5297779576047053
127,BPI_Challenge_2012_res10939.4c911ad9-1e4d-4f82-9986-94a3b11e3cee.pnml,0.0007631767231099451,0.0816326530612244,0.5281833971499624,4303,0.0007631767231099451,0.0816326530612244,0.5281833971499624
128,BPI_Challenge_2012_res10939.98e1d8e7-ff7a-46ab-8e9c-222335e197e5.pnml,0.0007631767231099451,0.0612244897959183,0.5241017644969013,4312,0.0007631767231099451,0.0612244897959183,0.5241017644969013
129,BPI_Challenge_2012_res10939.32cf4a62-85e0-454b-80a2-2e4c8512a085.pnml,0.0009539709038874312,0.1020408163265306,0.5227292464374531,4339,0.0009539709038874312,0.1020408163265306,0.5227292464374531
130,BPI_Challenge_2012_res10939.90f0d4ee-ec23-4fad-9c7a-ccc40b7affea.pnml,0.0027188170760791,0.1632653061224489,0.522601481598442,4344,0.0027188170760791,0.1632653061224489,0.522601481598442
131,BPI_Challenge_2012_res10939.2cfa93de-7c88-4651-aa0e-9235e4436c53.pnml,0.0028619127116622,0.0816326530612244,0.5156707325096382,4377,0.0028619127116622,0.0816326530612244,0.5156707325096382
132,BPI_Challenge_2012_res10939.88b5b3cd-ac58-4798-bfd5-1deaeab61bb0.pnml,0.0011447650846649,0.1224489795918367,0.5106084290582771,4407,0.0011447650846649,0.1224489795918367,0.5106084290582771
133,BPI_Challenge_2012_res10939.ad86be31-8a6c-41ae-bae1-9a764d2f2d7b.pnml,0.0011447650846649,0.1224489795918367,0.5106084290582771,4405,0.0011447650846649,0.1224489795918367,0.5106084290582771
134,BPI_Challenge_2012_res10939.638356a7-2b27-4c90-8d63-07ad62015f82.pnml,0.0005723825423324589,0.0612244897959183,0.5069708811958051,4437,0.0005723825423324589,0.0612244897959183,0.5069708811958051
135,BPI_Challenge_2012_res10939.bf3500b5-4c50-488e-b746-20fcdd770e52.pnml,0.002575721440496,0.1224489795918367,0.5069471966736404,4438,0.002575721440496,0.1224489795918367,0.5069471966736404
136,BPI_Challenge_2012_res10939.554ad41e-106f-4491-b18c-bb819b6601f9.pnml,0.002575721440496,0.1224489795918367,0.5069471966736404,4440,0.002575721440496,0.1224489795918367,0.5069471966736404
137,BPI_Challenge_2012_res10939.3cba96b1-af91-4399-a48f-6ad6eac6b478.pnml,0.0028619127116622,0.0816326530612244,0.5047183515572573,4442,0.0028619127116622,0.0816326530612244,0.5047183515572573
138,BPI_Challenge_2012_res10939.32935e72-5cd6-42c1-9112-e8d989c9ea45.pnml,0.0005723825423324589,0.0816326530612244,0.5010525138488664,4453,0.0005723825423324589,0.0816326530612244,0.5010525138488664
139,BPI_Challenge_2012_res10939.6cc24941-a169-4f2f-a260-030f75597fda.pnml,0.00019079418077748629,0.0204081632653061,0.4945458492874905,4469,0.00019079418077748629,0.0204081632653061,0.4945458492874905
140,BPI_Challenge_2012_res10939.c26804e4-be9d-4105-b403-b68add07947b.pnml,0.00014309563558311471,0.0204081632653061,0.4877631284622166,4481,0.00014309563558311471,0.0204081632653061,0.4877631284622166
141,BPI_Challenge_2012_res10939.1a5e15f9-5433-40d8-b5e4-021bd21ed89d.pnml,0.00014309563558311471,0.0204081632653061,0.4877631284622166,4480,0.00014309563558311471,0.0204081632653061,0.4877631284622166
